{
    "tache_N1": {
        "obj_file": "camel_update_user_study_normed.obj",
        "mesh": "camel",
        "position_init_idx_i": 0,
        "position_init_idx_j": 3,
        "theta_init": -0.7853981633974483,
        "delta_init": 0,
        "choix_poses": [
            [
                "choix1",
                -0.7853981633974483,
                0,
                0,
                3
            ],
            [
                "choix2",
                -0.7853981633974483,
                5.497787143782138,
                7,
                3
            ],
            [
                "choix3",
                -0.7853981633974483,
                4.71238898038469,
                6,
                3
            ]
        ]
    },
    "tache_N2": {
        "obj_file": "gorgoile_update_user_study_centered_normed.obj",
        "mesh": "gorgoile",
        "position_init_idx_i": 2,
        "position_init_idx_j": 1,
        "theta_init": 0.7853981633974483,
        "delta_init": 1.5707963267948966,
        "choix_poses": [
            [
                "choix1",
                0.7853981633974483,
                1.5707963267948966,
                2,
                1
            ],
            [
                "choix2",
                0.7853981633974483,
                0.7853981633974483,
                1,
                1
            ],
            [
                "choix3",
                0.7853981633974483,
                0,
                0,
                1
            ]
        ]
    },
    "tache_N3": {
        "obj_file": "horse_update_user_study_normed.obj",
        "mesh": "horse",
        "position_init_idx_i": 1,
        "position_init_idx_j": 2,
        "theta_init": 0,
        "delta_init": 0.7853981633974483,
        "choix_poses": [
            [
                "choix1",
                0,
                0.7853981633974483,
                1,
                2
            ],
            [
                "choix2",
                0,
                0,
                0,
                2
            ],
            [
                "choix3",
                0,
                5.497787143782138,
                7,
                2
            ]
        ]
    },
    "tache_N4": {
        "obj_file": "dragon_update_user_study_normed.obj",
        "mesh": "dragon",
        "position_init_idx_i": 7,
        "position_init_idx_j": 0,
        "theta_init": 1.5707963267948966,
        "delta_init": 5.497787143782138,
        "choix_poses": [
            [
                "choix1",
                1.5707963267948966,
                5.497787143782138,
                7,
                0
            ],
            [
                "choix2",
                1.5707963267948966,
                4.71238898038469,
                6,
                0
            ],
            [
                "choix3",
                1.5707963267948966,
                3.9269908169872414,
                5,
                0
            ]
        ]
    },
    "Analyse": {
        "analyse_N1": {
            "mesh": "camel",
            "idx": [
                0
            ],
            "mots": [
                "1. De face"
            ]
        },
        "analyse_N2": {
            "mesh": "gorgoile",
            "idx": [
                0
            ],
            "mots": [
                "1. De face"
            ]
        },
        "analyse_N3": {
            "mesh": "horse",
            "idx": [
                0
            ],
            "mots": [
                "1. De face"
            ]
        }
    },
    "Interactions": [
        {
            "time": 1678465420282,
            "type": "start"
        },
        {
            "time": 1678465420309,
            "type": "Affichage Mesh random : camel en idx_i, idx_j : (0, 3)"
        },
        {
            "time": 1678465420309,
            "type": "Affichage Mesh random : camel en theta, delta : (-0.7853981633974483, 0)"
        },
        {
            "time": 1678465421134,
            "type": "bouton pose n°1"
        },
        {
            "time": 1678465421213,
            "type": "fleche droite"
        },
        {
            "time": 1678465421309,
            "type": "bouton pose n°2"
        },
        {
            "time": 1678465421389,
            "type": "fleche droite"
        },
        {
            "time": 1678465421485,
            "type": "bouton pose n°3"
        },
        {
            "time": 1678465421773,
            "type": "bouton valider"
        },
        {
            "time": 1678465421794,
            "type": "Affichage Mesh random : gorgoile en idx_i, idx_j : (2, 1)"
        },
        {
            "time": 1678465421794,
            "type": "Affichage Mesh random : gorgoile en theta, delta : (0.7853981633974483, 1.5707963267948966)"
        },
        {
            "time": 1678465421997,
            "type": "bouton pose n°1"
        },
        {
            "time": 1678465422045,
            "type": "fleche droite"
        },
        {
            "time": 1678465422205,
            "type": "bouton pose n°2"
        },
        {
            "time": 1678465422286,
            "type": "fleche droite"
        },
        {
            "time": 1678465422381,
            "type": "bouton pose n°3"
        },
        {
            "time": 1678465422909,
            "type": "bouton valider"
        },
        {
            "time": 1678465422929,
            "type": "Affichage Mesh random : horse en idx_i, idx_j : (1, 2)"
        },
        {
            "time": 1678465422929,
            "type": "Affichage Mesh random : horse en theta, delta : (0, 0.7853981633974483)"
        },
        {
            "time": 1678465423181,
            "type": "bouton pose n°1"
        },
        {
            "time": 1678465423325,
            "type": "fleche droite"
        },
        {
            "time": 1678465423421,
            "type": "bouton pose n°2"
        },
        {
            "time": 1678465423517,
            "type": "fleche droite"
        },
        {
            "time": 1678465423597,
            "type": "bouton pose n°3"
        },
        {
            "time": 1678465423789,
            "type": "bouton valider"
        },
        {
            "time": 1678465423810,
            "type": "Affichage Mesh random : dragon en idx_i, idx_j : (7, 0)"
        },
        {
            "time": 1678465423810,
            "type": "Affichage Mesh random : dragon en theta, delta : (1.5707963267948966, 5.497787143782138)"
        },
        {
            "time": 1678465424141,
            "type": "bouton pose n°1"
        },
        {
            "time": 1678465424237,
            "type": "fleche droite"
        },
        {
            "time": 1678465424349,
            "type": "bouton pose n°2"
        },
        {
            "time": 1678465424445,
            "type": "fleche droite"
        },
        {
            "time": 1678465424525,
            "type": "bouton pose n°3"
        },
        {
            "time": 1678465424845,
            "type": "bouton valider"
        },
        {
            "time": 1678465424845,
            "type": "fin des choix."
        },
        {
            "time": 1678465424853,
            "type": "Début analyse n°1"
        },
        {
            "time": 1678465425805,
            "type": "ajout check sur : analyse n°1, mot 1. De face"
        },
        {
            "time": 1678465426189,
            "type": "Bouton valider analyse."
        },
        {
            "time": 1678465426189,
            "type": "Début analyse n°2"
        },
        {
            "time": 1678465426541,
            "type": "ajout check sur : analyse n°2, mot 1. De face"
        },
        {
            "time": 1678465426781,
            "type": "Bouton valider analyse."
        },
        {
            "time": 1678465426781,
            "type": "Début analyse n°3"
        },
        {
            "time": 1678465427149,